<?xml version="1.0" encoding="UTF-8" ?>
<!-- Generated by Oracle SOA Modeler version 12.1.3.0.0 at [6/21/16 9:36 PM]. -->
<composite name="soaDemoSync"
           revision="1.0"
           label="2016-06-21_21-36-54_707"
           mode="active"
           state="on"
           xmlns="http://xmlns.oracle.com/sca/1.0"
           xmlns:xs="http://www.w3.org/2001/XMLSchema"
           xmlns:wsp="http://schemas.xmlsoap.org/ws/2004/09/policy"
           xmlns:orawsp="http://schemas.oracle.com/ws/2006/01/policy"
           xmlns:ui="http://xmlns.oracle.com/soa/designer/"
           xmlns:sca-ext="http://xmlns.oracle.com/sca/1.0-ext">
  <import namespace="http://xmlns.oracle.com/soaApp1/soaDemoSync/soaDemoSync" location="WSDLs/soaDemoSync.wsdl"
          importType="wsdl"/>
  <service name="soademosync_client_ep" ui:wsdlLocation="WSDLs/soaDemoSync.wsdl">
    <interface.wsdl interface="http://xmlns.oracle.com/soaApp1/soaDemoSync/soaDemoSync#wsdl.interface(soaDemoSync)"/>
    <binding.ws port="http://xmlns.oracle.com/soaApp1/soaDemoSync/soaDemoSync#wsdl.endpoint(soademosync_client_ep/soaDemoSync_pt)"/>
  </service>
  <property name="productVersion" type="xs:string" many="false">12.1.3.0.0</property>
  <property name="compositeID" type="xs:string" many="false">44d222b6-13a0-4d48-a589-56843c82200a</property>
  <component name="soaDemoSync" version="2.0">
    <implementation.bpel src="BPEL/soaDemoSync.bpel"/>
    <componentType>
      <service name="soademosync_client" ui:wsdlLocation="WSDLs/soaDemoSync.wsdl">
        <interface.wsdl interface="http://xmlns.oracle.com/soaApp1/soaDemoSync/soaDemoSync#wsdl.interface(soaDemoSync)"/>
      </service>
    </componentType>
    <property name="bpel.config.transaction" type="xs:string" many="false">required</property>
  </component>
  <wire>
    <source.uri>soademosync_client_ep</source.uri>
    <target.uri>soaDemoSync/soademosync_client</target.uri>
  </wire>
</composite>
